station_id,station_name,country,latitude,longitude
1,Canada_Landing_27,Canada,7.911367429912417,105.30701059714318
2,Pakistan_Landing_12,Pakistan,-50.52379792080065,133.5022555121477
3,Sweden_Landing_44,Sweden,-31.100424977242437,148.61844576847972
4,India_Landing_15,India,-4.662010397400294,-88.56815781112478
5,Brazil_Landing_43,Brazil,-58.87230822541547,109.66790771105269
6,Philippines_Landing_44,Philippines,5.591776512243399,-153.40971589816573
7,Kenya_Landing_38,Kenya,-24.101490105147334,166.3304662164391
8,Romania_Landing_17,Romania,-5.179702479865618,-71.2361986062071
9,Morocco_Landing_31,Morocco,-47.20160790931669,-42.70885284325354
10,Kenya_Landing_37,Kenya,-24.495313174105846,71.74046863826416
11,France_Landing_43,France,-12.503311090635918,-177.0847323258635
12,Poland_Landing_50,Poland,29.360260939839023,-162.34406972064002
13,Germany_Landing_48,Germany,-0.39272561713556087,145.4959047217411
14,Philippines_Landing_50,Philippines,35.86321434091185,38.54339933913573
15,Kenya_Landing_15,Kenya,16.39414536070703,43.52081872690948
16,Poland_Landing_49,Poland,26.511405200485072,57.305354514031336
17,Oman_Landing_41,Oman,-48.34032842212585,45.88491881402297
18,Portugal_Landing_20,Portugal,34.63325808121847,-167.9887687515723
19,Nigeria_Landing_47,Nigeria,-44.23058322954175,147.46601243495763
20,Thailand_Landing_48,Thailand,-10.139628789746709,-107.71387392597256
21,Mexico_Landing_24,Mexico,3.7022848443342014,148.85531081341088
22,Pakistan_Landing_17,Pakistan,49.68587442459744,159.9076137949915
23,Philippines_Landing_48,Philippines,44.44763511900476,109.5237138976238
24,Sri Lanka_Landing_5,Sri Lanka,-43.10915819929408,167.94007540659072
25,Poland_Landing_47,Poland,20.928747636028135,-36.93186172681223
26,Peru_Landing_24,Peru,-49.163654931770004,-37.95315828166369
27,Brazil_Landing_35,Brazil,-45.16935158838092,-47.30916289822596
28,Israel_Landing_44,Israel,-28.54063101003163,-42.83082026190888
29,Norway_Landing_24,Norway,-46.998467736092316,-95.82411520383006
30,France_Landing_40,France,46.10818142578226,22.106657609956386
31,Sweden_Landing_15,Sweden,17.71828567673299,48.74541205605806
32,Sri Lanka_Landing_45,Sri Lanka,-23.73717905648997,-33.01349191365142
33,Oman_Landing_3,Oman,53.55138394583355,-70.42874963183812
34,Chile_Landing_8,Chile,-48.33696016538141,139.41335107026083
35,Oman_Landing_25,Oman,-5.5627491733328895,61.37503878606165
36,Israel_Landing_45,Israel,53.516890293531844,-29.11436877069977
37,Israel_Landing_47,Israel,-41.4572517108198,-30.6415701227495
38,Egypt_Landing_32,Egypt,13.87826568613876,158.0591036569159
39,South Africa_Landing_3,South Africa,22.833679649707634,-101.78291350887783
40,Saudi Arabia_Landing_16,Saudi Arabia,42.65402319671455,-144.2323351417931
41,Poland_Landing_24,Poland,5.335903377857392,172.02331060273684
42,Kenya_Landing_4,Kenya,-12.223242870675229,-111.66891762201136
43,UAE_Landing_30,UAE,-48.999189141897496,-103.64190644760725
44,Norway_Landing_39,Norway,56.53119744779835,-161.79173616136572
45,Vietnam_Landing_16,Vietnam,58.65850847297061,103.31211599147372
46,Japan_Landing_5,Japan,39.5781404660559,19.51480384600646
47,Netherlands_Landing_14,Netherlands,37.566357734527074,-96.12047554342868
48,Tanzania_Landing_10,Tanzania,34.637250513313134,34.55338866279121
49,South Africa_Landing_10,South Africa,58.503276523940684,14.477564470734507
50,Singapore_Landing_8,Singapore,19.326917111678014,-170.7191460769686
51,USA_Landing_23,USA,34.79815970817046,-94.3446218074333
52,Thailand_Landing_2,Thailand,-39.09045583125874,-161.13635356997645
53,Israel_Landing_27,Israel,3.1302631917440564,88.43949901223846
54,Bangladesh_Landing_29,Bangladesh,33.36204471770432,4.765664739308988
55,Egypt_Landing_29,Egypt,0.46064277429856304,160.34963146923826
56,Portugal_Landing_47,Portugal,33.98723951764555,132.11312679354177
57,Canada_Landing_20,Canada,-5.034897348278157,167.04942592393036
58,Spain_Landing_31,Spain,41.675825180069126,-26.54149705920298
59,Egypt_Landing_32,Egypt,25.48815778765156,-20.317561429316896
60,Italy_Landing_21,Italy,12.995690836012798,-156.354396004759
61,South Africa_Landing_40,South Africa,15.969206916121863,17.40831625740981
62,Thailand_Landing_25,Thailand,59.35533070331083,11.000461475276836
63,Sri Lanka_Landing_33,Sri Lanka,12.65121498423754,-144.2957537955449
64,Romania_Landing_8,Romania,42.335128475469006,54.32999935726994
65,Tanzania_Landing_36,Tanzania,26.5007899989119,-102.59169612210111
66,Saudi Arabia_Landing_15,Saudi Arabia,-10.342371458770387,117.8709209208161
67,Turkey_Landing_27,Turkey,27.55350091614052,-67.48259400103213
68,Thailand_Landing_43,Thailand,-29.413224422066495,163.293306342885
69,Poland_Landing_31,Poland,-51.94400302360227,119.43787985094764
70,Italy_Landing_28,Italy,-48.41226809210573,85.96655945593767
71,Oman_Landing_36,Oman,-52.802282643498415,164.38486458488632
72,Peru_Landing_22,Peru,20.4015917678755,-32.108892148023045
73,Finland_Landing_49,Finland,-9.247577308333994,149.7037215499717
74,Spain_Landing_19,Spain,12.049210946961239,-53.40737315046637
75,Colombia_Landing_33,Colombia,-34.47134331935927,56.42506907573477
76,South Korea_Landing_7,South Korea,-17.98632069345706,20.255571397557674
77,UAE_Landing_49,UAE,-26.571814500600098,-98.58272604197492
78,Qatar_Landing_36,Qatar,56.94559225508499,114.63366943464109
79,Sweden_Landing_44,Sweden,17.123899659579763,-170.54862067671
80,Finland_Landing_45,Finland,-27.906272981506724,-115.05021409409241
81,Romania_Landing_49,Romania,-22.921837340410782,-57.66312356018699
82,USA_Landing_12,USA,44.38352478437258,23.875594114095463
83,Turkey_Landing_5,Turkey,-42.97504150184776,47.94192455598497
84,France_Landing_6,France,29.5334114406848,-102.55216318793606
85,Greece_Landing_30,Greece,-19.09248218768007,-46.78088670827859
86,Croatia_Landing_21,Croatia,33.22027439600892,24.333680381183
87,Italy_Landing_4,Italy,-41.3304115914614,91.59691648499478
88,Spain_Landing_44,Spain,-50.21021669617042,-20.479329241082638
89,Qatar_Landing_32,Qatar,12.849120892921846,-30.893854362219116
90,Japan_Landing_49,Japan,1.4815566961325715,-55.73777202688973
91,UAE_Landing_19,UAE,21.386147152024122,33.52833014121495
92,Canada_Landing_43,Canada,-22.989672977849224,-100.61336321909114
93,Germany_Landing_4,Germany,-59.07754969201405,-71.48902967336277
94,Japan_Landing_50,Japan,-43.53182336912076,-88.01297855227466
95,Thailand_Landing_8,Thailand,-59.072411211682564,88.92508443471638
96,Singapore_Landing_9,Singapore,-14.375106514171648,73.32165481775891
97,Argentina_Landing_36,Argentina,40.00250429038539,110.23206716403496
98,UK_Landing_26,UK,43.411723442710624,-164.7711858373951
99,France_Landing_30,France,50.5394921402895,130.35960490034392
100,Colombia_Landing_28,Colombia,8.807961706301171,75.41962616481632
101,Greece_Landing_19,Greece,-46.17919528034421,-172.49163875109042
102,Thailand_Landing_11,Thailand,36.15865851725427,42.52509478952649
103,Romania_Landing_24,Romania,-49.42441424425384,124.0143695332909
104,Australia_Landing_28,Australia,10.664554596349433,8.626515480227368
105,Turkey_Landing_20,Turkey,29.496579175752345,-100.23405879806951
106,Tanzania_Landing_11,Tanzania,-50.83447470323746,47.960880108547116
107,Canada_Landing_33,Canada,-36.731555247971954,99.4421625567607
108,Kenya_Landing_47,Kenya,54.986801879658046,52.35947142104297
109,India_Landing_16,India,-47.66345666666846,-87.85144007937726
110,Singapore_Landing_39,Singapore,-41.65562531928842,93.2948568164054
111,UK_Landing_12,UK,54.155056869549824,46.061557962612255
112,Sri Lanka_Landing_49,Sri Lanka,7.64825799454195,28.60851229433632
113,Poland_Landing_37,Poland,17.15901968058793,175.15150118490936
114,Thailand_Landing_41,Thailand,-22.063332661130374,-21.685386116928953
115,Bangladesh_Landing_29,Bangladesh,15.76621440305152,106.67868449451413
116,Netherlands_Landing_4,Netherlands,-17.76693328559081,-153.29136377761643
117,Sri Lanka_Landing_29,Sri Lanka,-55.48713053146895,-47.25446418366741
118,Philippines_Landing_5,Philippines,17.359976349100492,171.85267171193368
119,Italy_Landing_40,Italy,11.289578235508031,-41.58630843031261
120,Netherlands_Landing_36,Netherlands,54.50777720673483,86.01157637324656
121,Portugal_Landing_29,Portugal,49.08599478883974,25.796407123368112
122,Indonesia_Landing_21,Indonesia,12.600700088407706,0.49222867421795513
123,Spain_Landing_29,Spain,-47.579774727553,143.68566022407845
124,Vietnam_Landing_46,Vietnam,-49.88050415705234,52.60575281173888
125,Portugal_Landing_16,Portugal,24.914604518793467,176.75496815287948
126,Canada_Landing_34,Canada,13.17664875872093,-48.996734513143394
127,Philippines_Landing_25,Philippines,-10.947672330321566,-58.18782713708896
128,Germany_Landing_4,Germany,34.70723178763977,53.02992850895049
129,UK_Landing_22,UK,-48.659286298188675,64.21656414242915
130,Philippines_Landing_17,Philippines,26.84803860029541,56.36307110777204
131,Germany_Landing_10,Germany,-19.99655567273321,29.786225251111063
132,India_Landing_23,India,-22.77219149378255,56.17969849297987
133,Finland_Landing_26,Finland,-44.52580100741278,75.18024517357938
134,Italy_Landing_20,Italy,7.0706484109276175,51.65757481007503
135,Vietnam_Landing_9,Vietnam,20.413967999366704,118.42523024200722
136,Israel_Landing_44,Israel,49.49375825499892,-146.35693257623217
137,Finland_Landing_28,Finland,1.0186183707369167,-173.43700639504823
138,Malaysia_Landing_12,Malaysia,54.14031763153612,-56.97635575264266
139,Tanzania_Landing_32,Tanzania,-36.95937196027365,179.99158359709025
140,India_Landing_5,India,-24.50494780144539,103.72326252170404
141,Argentina_Landing_50,Argentina,4.772491009640532,85.91184108052835
142,Canada_Landing_3,Canada,19.431508484570116,135.50139811538708
143,Sweden_Landing_9,Sweden,11.669572928595414,-124.46900592439624
144,Singapore_Landing_45,Singapore,32.531737647718614,111.25573907014842
145,Pakistan_Landing_47,Pakistan,-7.479191383398394,-32.09089986124795
146,Poland_Landing_47,Poland,-31.496375826368993,-20.088464470100774
147,Philippines_Landing_49,Philippines,29.824382171452356,-18.385933307997476
148,Mexico_Landing_16,Mexico,-22.86385241246525,111.1045935926831
149,Bangladesh_Landing_13,Bangladesh,-15.859085012996061,160.96686128788429
150,Saudi Arabia_Landing_30,Saudi Arabia,32.33262623706912,100.12465340997335
151,Argentina_Landing_34,Argentina,-9.760700792430505,-121.65905763148632
152,Indonesia_Landing_39,Indonesia,-43.392175847588256,-89.99884382795746
153,Denmark_Landing_31,Denmark,44.89403340626845,19.634668352795245
154,Egypt_Landing_46,Egypt,41.50707320801261,126.41977731052037
155,Philippines_Landing_6,Philippines,31.574019635002898,-81.79513214711162
156,Argentina_Landing_10,Argentina,39.725606236582294,-146.98311492272637
157,South Korea_Landing_29,South Korea,46.155572846160894,154.96989376545895
158,Greece_Landing_4,Greece,-12.425524143570264,-45.373864435552775
159,Morocco_Landing_6,Morocco,-15.010479189867894,-169.85248360986597
160,Egypt_Landing_46,Egypt,17.99528211530179,104.89702949358337
161,Oman_Landing_3,Oman,-25.57447232240782,118.71416993501612
162,Romania_Landing_9,Romania,31.060938571872867,-11.120354224022265
163,Sweden_Landing_1,Sweden,48.702898692392495,-173.15860143205066
164,Japan_Landing_10,Japan,5.856509453260259,81.80452271697544
165,Canada_Landing_28,Canada,-46.65757676109139,-76.28343190587701
166,Malaysia_Landing_8,Malaysia,-54.27006640573785,-28.86280424876051
167,Sweden_Landing_30,Sweden,-52.46314187867234,121.20757941792067
168,Chile_Landing_39,Chile,4.326454117687348,47.50377912473127
169,Colombia_Landing_16,Colombia,26.225319335082318,-75.14208440090717
170,USA_Landing_40,USA,-17.662075244875943,25.438937768074368
171,Singapore_Landing_43,Singapore,20.185788350356177,8.45444076415609
172,Nigeria_Landing_5,Nigeria,54.4084413582618,15.869505574092045
173,Argentina_Landing_36,Argentina,-57.5598832454201,134.39931786990633
174,Portugal_Landing_41,Portugal,-13.574241416717094,-45.61114064370028
175,Israel_Landing_2,Israel,-17.14873481823205,-155.67855921291638
176,Australia_Landing_47,Australia,18.85252800129976,-142.6810077001118
177,Netherlands_Landing_48,Netherlands,30.801471173034855,-131.97254765062894
178,Kenya_Landing_35,Kenya,-19.37432901843591,51.40642183297933
179,Tanzania_Landing_44,Tanzania,-4.2452520303554735,70.34013071858303
180,Norway_Landing_12,Norway,37.379721821712764,-157.28380666839914
181,Tanzania_Landing_30,Tanzania,-55.56194517602692,-107.42724257878767
182,Indonesia_Landing_3,Indonesia,-22.12850159403296,-68.37268214271894
183,Turkey_Landing_35,Turkey,-3.192027878778788,-166.816522246713
184,Denmark_Landing_13,Denmark,-25.666692533814157,130.36987096893012
185,Spain_Landing_42,Spain,-20.169037634238656,-135.18899703202197
186,Nigeria_Landing_28,Nigeria,46.73838204147377,87.59077398706364
187,Morocco_Landing_22,Morocco,56.84683011783709,-1.366838446671835
188,Chile_Landing_24,Chile,50.917255995235635,6.9393072725791285
189,Italy_Landing_47,Italy,-9.060040641790337,-24.981425278759104
190,Singapore_Landing_35,Singapore,-24.748029719700135,-143.06475319843884
191,Thailand_Landing_43,Thailand,-24.523206079158925,-19.47032528412504
192,Bulgaria_Landing_28,Bulgaria,-40.00262735209036,-20.192982803606156
193,Saudi Arabia_Landing_3,Saudi Arabia,27.217727485332347,148.17860310466102
194,Sweden_Landing_28,Sweden,-27.053356791017087,172.8098205099405
195,Spain_Landing_5,Spain,20.54206666724015,-33.764316657245104
196,Argentina_Landing_48,Argentina,21.529272937762784,163.00418266065878
197,India_Landing_39,India,21.37066463945385,-22.25778302157204
198,Oman_Landing_5,Oman,-31.680554349557724,52.25863525180702
199,Nigeria_Landing_25,Nigeria,53.93605342559037,-168.34128336731987
200,India_Landing_44,India,-6.009291754224726,-46.452777281963705
201,Saudi Arabia_Landing_49,Saudi Arabia,-50.773748540352194,-130.42976118173036
202,Nigeria_Landing_26,Nigeria,-22.27374704221421,-79.67168413206791
203,UAE_Landing_2,UAE,28.280983137531322,-0.344174307671949
204,Morocco_Landing_36,Morocco,-45.86868054111898,98.98721407133576
205,Bulgaria_Landing_29,Bulgaria,-34.25154894915363,40.275785794911314
206,Romania_Landing_32,Romania,-35.978599081065575,-131.13776961701018
207,UK_Landing_29,UK,-39.281236321915074,76.81316197097323
208,Italy_Landing_44,Italy,56.10734836356748,175.16687747129498
209,Finland_Landing_23,Finland,25.14485841835058,17.998973095280604
210,Philippines_Landing_20,Philippines,42.1634460903751,76.25127744259657
211,Romania_Landing_41,Romania,-39.109078830155994,-49.86281407511183
212,South Korea_Landing_8,South Korea,58.215905607623185,105.14364250001069
213,Australia_Landing_32,Australia,-56.845916783008114,19.447717413454228
214,Nigeria_Landing_30,Nigeria,36.43940715463037,18.59289621351391
215,Sweden_Landing_6,Sweden,-52.11022736791607,-36.66240692247294
216,Bulgaria_Landing_47,Bulgaria,-2.560186810169533,-32.11375656053991
217,Greece_Landing_37,Greece,-51.149914450651316,170.05670334495574
218,Denmark_Landing_5,Denmark,-6.003060520440471,64.83923663384914
219,Kenya_Landing_9,Kenya,45.355218198049414,100.89465438179104
220,Norway_Landing_38,Norway,-38.164423613743516,167.85526101627846
221,Qatar_Landing_33,Qatar,49.28547251362647,-160.05137399360027
222,UAE_Landing_34,UAE,-41.63814398277593,-120.72345123955532
223,Thailand_Landing_46,Thailand,-32.943565834143996,161.09392925147307
224,Canada_Landing_19,Canada,41.51204473870388,-89.78208876648034
225,Norway_Landing_36,Norway,-27.065876014378404,45.00805012149257
226,Sweden_Landing_35,Sweden,-48.78859117397088,50.75547382763713
227,Netherlands_Landing_38,Netherlands,-41.49668797445242,57.143834418151556
228,Croatia_Landing_39,Croatia,-19.485649607303742,152.61470111386842
229,Portugal_Landing_2,Portugal,-50.25325741279561,161.47686742934093
230,Tanzania_Landing_37,Tanzania,-28.24129106003346,-104.10898330729277
231,Colombia_Landing_27,Colombia,14.17301115899491,-169.09707651068493
232,Norway_Landing_35,Norway,-25.239401183807303,164.3940611835858
233,Bangladesh_Landing_16,Bangladesh,36.56257850588797,66.5967028304436
234,Malaysia_Landing_30,Malaysia,-51.2432369393585,-158.43130814351917
235,Saudi Arabia_Landing_27,Saudi Arabia,-1.8898643871168943,-106.55171511717647
236,Germany_Landing_10,Germany,-22.49010009036803,78.61063864047753
237,Croatia_Landing_23,Croatia,57.04489534978562,-132.92418544114088
238,Nigeria_Landing_33,Nigeria,7.398145889804297,-65.11828089486339
239,Sri Lanka_Landing_8,Sri Lanka,-27.903399065498114,-90.74920229080358
240,Egypt_Landing_4,Egypt,-25.174559403611816,-41.706059939421834
241,Sweden_Landing_27,Sweden,-30.207566354257608,131.51070061945836
242,Pakistan_Landing_21,Pakistan,52.050184229928576,79.60623437596388
243,Indonesia_Landing_49,Indonesia,-40.87891057288748,178.54898799435006
244,Sri Lanka_Landing_32,Sri Lanka,45.48907963205022,-0.9467017028967462
245,Italy_Landing_26,Italy,0.6533355628525896,168.00718699889114
246,Japan_Landing_38,Japan,-17.65258933723736,-161.80545433395892
247,Chile_Landing_39,Chile,45.880737164184126,55.53361328026216
248,Bangladesh_Landing_19,Bangladesh,4.402889914671249,124.98205154164845
249,Qatar_Landing_9,Qatar,45.89468771023114,81.90290280938109
250,Jordan_Landing_26,Jordan,-16.087517697892444,-35.79061643468762
251,Colombia_Landing_36,Colombia,-36.641363773473714,19.160253583614605
252,UK_Landing_25,UK,0.5106634947845663,95.18548129460623
253,South Africa_Landing_40,South Africa,21.647836814263286,-137.22803289950775
254,Egypt_Landing_26,Egypt,-15.216199641021596,175.2435591971182
255,Peru_Landing_24,Peru,30.595820675135272,-108.33916264111801
256,Argentina_Landing_26,Argentina,0.009348428477260029,-163.6907931118531
257,Oman_Landing_46,Oman,-20.035115357667934,-9.452105857731596
258,Sri Lanka_Landing_10,Sri Lanka,12.751262688456492,5.582063573011425
259,Thailand_Landing_40,Thailand,-21.776396188883155,-38.536348368066086
260,Sweden_Landing_48,Sweden,41.112231283695394,33.740876027155224
261,Argentina_Landing_33,Argentina,3.8807795851051594,75.14633031675763
262,Malaysia_Landing_31,Malaysia,37.88985998925891,-47.391188448322936
263,Poland_Landing_8,Poland,57.58776374149943,30.132771065563077
264,Croatia_Landing_45,Croatia,15.51125767229243,34.88746174314974
265,Brazil_Landing_42,Brazil,33.94847897177057,99.41832906194594
266,Colombia_Landing_15,Colombia,26.56801347555681,30.068379737150394
267,Pakistan_Landing_34,Pakistan,15.483028937443635,43.10488998039219
268,Morocco_Landing_10,Morocco,38.59935493534226,-92.80923834915919
269,Colombia_Landing_45,Colombia,-46.81253743995638,-173.18254769761947
270,Thailand_Landing_27,Thailand,-41.828249025678545,68.58009393066916
271,Greece_Landing_33,Greece,32.996676216850915,151.38754196299584
272,Israel_Landing_47,Israel,-52.52624567826817,-130.29030511732432
273,Japan_Landing_36,Japan,-20.994055868873424,58.401647897165674
274,Canada_Landing_25,Canada,-22.349688151461947,-117.654327411362
275,Mexico_Landing_22,Mexico,5.552786309379627,63.31268756029249
276,Croatia_Landing_44,Croatia,17.19709199993538,69.59279161073553
277,Sweden_Landing_31,Sweden,-36.92829970359439,-91.25311121015027
278,Peru_Landing_20,Peru,-33.015955440861994,170.24782593260483
279,Malaysia_Landing_50,Malaysia,-25.31950351157701,-105.3799938523295
280,Bulgaria_Landing_32,Bulgaria,-21.955110597786238,-54.43085728752963
281,Croatia_Landing_18,Croatia,-25.465274940245664,26.45164939451223
282,Mexico_Landing_25,Mexico,47.49125538482714,-37.96831596928922
283,Kenya_Landing_50,Kenya,36.553900074788444,-75.4370452825432
284,Philippines_Landing_46,Philippines,-50.51646767881796,152.643467480357
285,Denmark_Landing_17,Denmark,29.68061996616059,-102.96474909227729
286,Mexico_Landing_18,Mexico,51.96287205399693,70.62166823285617
287,Oman_Landing_7,Oman,13.881244129739073,31.258979485493455
288,Australia_Landing_4,Australia,20.380075787172473,11.174936303807698
289,Norway_Landing_15,Norway,-53.70106717926446,-31.21150822262689
290,Bulgaria_Landing_31,Bulgaria,-47.93461142671825,97.47578091538048
291,USA_Landing_36,USA,57.34928541997047,-123.141212564061
292,Denmark_Landing_31,Denmark,-2.706177547092423,-108.1958491196634
293,Philippines_Landing_21,Philippines,-25.750159043760974,-158.70146895306334
294,Tanzania_Landing_6,Tanzania,18.27584765028955,-96.40072828043388
295,Israel_Landing_47,Israel,42.03997218907122,-166.5726312342085
296,Singapore_Landing_27,Singapore,45.869396779779976,-116.71606528600948
297,Portugal_Landing_26,Portugal,34.555275585100546,-112.927812507904
298,Israel_Landing_19,Israel,45.209180150150814,-176.66381934716406
299,Colombia_Landing_39,Colombia,-47.123917107175444,173.87779981356232
300,Philippines_Landing_30,Philippines,58.691936410646804,15.588174080510981
301,Chile_Landing_9,Chile,42.1271686293596,-11.512523157735558
302,Indonesia_Landing_8,Indonesia,-20.317908380185735,83.20292417115871
303,Denmark_Landing_17,Denmark,26.23178081470644,-174.9296895773527
304,Vietnam_Landing_19,Vietnam,8.133746690512723,92.62179009272205
305,Singapore_Landing_40,Singapore,42.73758051281493,142.93539424223104
306,Qatar_Landing_33,Qatar,-20.648800951178877,-35.7000312139682
307,Egypt_Landing_12,Egypt,57.80222309286464,-8.116524543638548
308,Australia_Landing_1,Australia,-28.705766752146737,-95.2123489914478
309,Jordan_Landing_18,Jordan,54.484178718589504,-71.2994977110187
310,Croatia_Landing_37,Croatia,-58.62771189669984,55.326012145271534
311,Romania_Landing_16,Romania,-52.54508018393567,-137.43905479056986
312,Malaysia_Landing_11,Malaysia,-11.350006443792331,0.9073696458202676
313,Bulgaria_Landing_50,Bulgaria,-22.68264619384076,-137.73033149588053
314,Philippines_Landing_24,Philippines,13.755053777261878,-101.11370366327618
315,Oman_Landing_31,Oman,-41.6177322372985,89.18454137430837
316,Germany_Landing_24,Germany,-10.098526148253043,17.72442317461133
317,Bangladesh_Landing_49,Bangladesh,4.502122523184099,59.07399816227897
318,Japan_Landing_49,Japan,-30.30414848297067,91.70623790095152
319,Italy_Landing_34,Italy,-6.390242700422,73.35580505611412
320,UK_Landing_37,UK,-46.53494501552757,118.35865942503307
321,Argentina_Landing_13,Argentina,8.724200907343757,-126.05314270233086
322,Thailand_Landing_34,Thailand,-6.979133680844299,64.90628565806549
323,Bulgaria_Landing_38,Bulgaria,-1.3406439802572407,143.60016661685052
324,Saudi Arabia_Landing_4,Saudi Arabia,-5.588123978426161,4.769223552590944
325,Sri Lanka_Landing_37,Sri Lanka,-53.07158628809703,-13.543809933987461
326,Malaysia_Landing_47,Malaysia,-57.387545052812655,-88.39540113565953
327,USA_Landing_48,USA,-33.851842959244905,-153.70937067043536
328,Qatar_Landing_23,Qatar,24.04618537166111,14.818861468765988
329,Spain_Landing_5,Spain,58.33646976987322,-10.054367695565873
330,Philippines_Landing_27,Philippines,-38.40224078091497,-131.24560806380242
331,Denmark_Landing_47,Denmark,17.505698171659617,-28.66970200236196
332,Morocco_Landing_29,Morocco,44.35443423728502,146.4362321488461
333,Morocco_Landing_6,Morocco,21.927642492184958,58.24531372516853
334,Mexico_Landing_9,Mexico,18.42409181024425,-54.802840629905916
335,Singapore_Landing_35,Singapore,-12.83296418591511,-134.15504856386093
336,South Korea_Landing_1,South Korea,30.741529783071854,172.25664576449003
337,Sri Lanka_Landing_44,Sri Lanka,26.291277001302248,-27.313909295975435
338,Morocco_Landing_15,Morocco,-30.298555379546933,-55.382495404454374
339,South Africa_Landing_13,South Africa,52.48924333620802,81.00862052721061
340,UAE_Landing_3,UAE,37.13738202470333,-29.07338454296925
341,Tanzania_Landing_2,Tanzania,-31.120044702814567,-155.77527495978168
342,Germany_Landing_3,Germany,-6.427072050167716,61.92850927399883
343,Spain_Landing_16,Spain,28.864929417583397,-35.18447370807374
344,South Korea_Landing_35,South Korea,-33.92769477869359,130.9428873612203
345,Spain_Landing_9,Spain,0.46750187291214473,-75.86515751258922
346,Croatia_Landing_37,Croatia,-21.73155643569696,35.25036273981445
347,Poland_Landing_21,Poland,-31.571515826793526,135.4529959825706
348,Finland_Landing_34,Finland,-33.47487114647609,-71.81965664732896
349,Spain_Landing_36,Spain,53.822430603206556,136.69700074699784
350,Singapore_Landing_41,Singapore,21.45001479435018,20.10623975413654
351,Spain_Landing_23,Spain,52.990369179829415,61.68330890846002
352,Canada_Landing_21,Canada,23.55700887709078,-33.026696341348156
353,Malaysia_Landing_25,Malaysia,-37.93452255033008,13.654175180694267
354,Australia_Landing_15,Australia,-23.911629744582264,74.72764709567
355,Sri Lanka_Landing_4,Sri Lanka,7.486313950429093,168.4030278767856
356,Peru_Landing_34,Peru,-43.908869872910635,-92.57093420774913
357,Japan_Landing_22,Japan,17.604702185753368,152.00139762404007
358,Nigeria_Landing_6,Nigeria,4.276264361665881,118.58626267741158
359,Spain_Landing_18,Spain,-14.739843004639226,37.78900069782088
360,Portugal_Landing_5,Portugal,-37.42040472806936,94.21071031339557
361,Croatia_Landing_43,Croatia,7.062057152703275,-7.418085670470674
362,Vietnam_Landing_20,Vietnam,54.842371263200775,-174.47986575774257
363,Indonesia_Landing_48,Indonesia,-45.92205606679986,179.8459225264122
364,Bangladesh_Landing_16,Bangladesh,23.475154284597807,73.3566897632534
365,Turkey_Landing_16,Turkey,6.249515105737743,99.18499754295732
366,Morocco_Landing_30,Morocco,4.0380152899515735,-50.66656000143274
367,Brazil_Landing_24,Brazil,1.5379848028528258,-0.9801744836460102
368,Egypt_Landing_47,Egypt,-3.6611493572929916,122.30322536292653
369,Japan_Landing_24,Japan,-22.44935773557708,-163.5424387268059
370,South Korea_Landing_48,South Korea,-42.48927442769417,-86.12132043248296
371,Netherlands_Landing_38,Netherlands,26.4014325299067,-73.73077649721425
372,Indonesia_Landing_22,Indonesia,-32.39776487960837,25.124224573452608
373,Australia_Landing_32,Australia,6.077103902049018,159.64723621714694
374,Vietnam_Landing_17,Vietnam,31.60327507995838,-4.096403807826562
375,Croatia_Landing_42,Croatia,28.751290879186016,-14.1015605586461
376,Croatia_Landing_23,Croatia,-39.68811469677819,79.31287107435372
377,Chile_Landing_12,Chile,50.02792676332402,15.169267926487862
378,Denmark_Landing_4,Denmark,2.873329848489533,122.06465769418372
379,UK_Landing_43,UK,-54.17827269643053,-177.7018232013196
380,Oman_Landing_41,Oman,-32.227992950706536,74.58104293324556
381,USA_Landing_14,USA,0.6879503631678148,-45.647750632747716
382,Sweden_Landing_41,Sweden,20.010567546400765,41.94696999036165
383,Bangladesh_Landing_43,Bangladesh,-1.457473919631454,-177.6195514828228
384,Peru_Landing_27,Peru,-58.57788382465291,10.590352862994223
385,South Africa_Landing_35,South Africa,57.2975217879014,-173.82866486312622
386,Romania_Landing_44,Romania,-8.331214958875456,158.29628860591657
387,Singapore_Landing_7,Singapore,50.165861335081345,8.778744441293895
388,Australia_Landing_13,Australia,14.373701089432231,-89.12944932671505
389,Kenya_Landing_18,Kenya,35.39235985001602,-151.55307222680327
390,Turkey_Landing_30,Turkey,7.800261893756286,176.48389139030184
391,South Korea_Landing_20,South Korea,22.08499505644626,125.23215673135286
392,Denmark_Landing_42,Denmark,31.15030202122138,-146.33981804624062
393,Morocco_Landing_25,Morocco,6.324172743563437,-159.79862191357233
394,USA_Landing_45,USA,-39.43397097347429,-0.0509784793948711
395,Qatar_Landing_42,Qatar,34.125157294813334,23.708386062372597
396,Egypt_Landing_34,Egypt,50.29826585282542,-97.28406104363398
397,Romania_Landing_37,Romania,-2.939965482567203,-163.2376905329724
398,UK_Landing_44,UK,51.07017720971078,143.75219431140312
399,Colombia_Landing_43,Colombia,-56.05178638158337,154.35589005167736
400,Thailand_Landing_2,Thailand,55.3763027851207,31.33299747041582
401,Jordan_Landing_46,Jordan,38.50828653421641,154.39497849119823
402,Malaysia_Landing_11,Malaysia,7.674983954851797,24.01053116078822
403,Morocco_Landing_44,Morocco,47.58309204032638,-60.57725773614172
404,Jordan_Landing_48,Jordan,-43.20592869177632,175.85206484907712
405,Croatia_Landing_6,Croatia,0.09514219652701428,170.75639787695872
406,Spain_Landing_7,Spain,-7.5494096587801,121.92287674074299
407,Vietnam_Landing_39,Vietnam,32.28067840385309,163.74902288927967
408,Turkey_Landing_50,Turkey,-20.8348023626575,48.284261065704584
409,Saudi Arabia_Landing_32,Saudi Arabia,-32.62339321749401,19.09358098217416
410,Morocco_Landing_28,Morocco,-37.711458492551884,30.915043635978435
411,Morocco_Landing_6,Morocco,32.660088496162786,-73.66338694617255
412,Australia_Landing_46,Australia,-51.17919795330941,-83.53006887793882
413,Morocco_Landing_46,Morocco,34.06683382442672,-124.46031938287689
414,Morocco_Landing_21,Morocco,-16.715972626312748,-147.05264566935392
415,Malaysia_Landing_29,Malaysia,-16.809900318372407,-82.88408043382087
416,Oman_Landing_6,Oman,-37.51298597665473,-18.416276272277486
417,Peru_Landing_33,Peru,-11.0346989900235,-170.545714555213
418,Kenya_Landing_36,Kenya,-48.8322887448151,35.29576720593823
419,Thailand_Landing_25,Thailand,-58.51912621392547,-31.02837488347413
420,Tanzania_Landing_6,Tanzania,26.981261284174963,21.43315647449137
421,Australia_Landing_37,Australia,2.532543691619857,66.71375704604034
422,Pakistan_Landing_9,Pakistan,-27.729724376382293,-83.37355302628416
423,India_Landing_5,India,-39.935111908904084,-80.65372622313471
424,Malaysia_Landing_31,Malaysia,33.91999489985825,-49.9950315757699
425,Australia_Landing_47,Australia,15.004042532267363,33.7703032940683
426,Indonesia_Landing_30,Indonesia,-47.163315890291756,-70.32312152954749
427,Turkey_Landing_22,Turkey,40.99360640662209,-43.23961578706263
428,Vietnam_Landing_29,Vietnam,-19.831653150365163,113.57116920108115
429,Denmark_Landing_39,Denmark,-43.66506341060823,-64.56054406496844
430,Romania_Landing_13,Romania,-2.5188309125453685,-116.05058232510936
431,Turkey_Landing_21,Turkey,-25.026221810393615,70.18479636195963
432,Chile_Landing_37,Chile,33.83692435242918,-62.68095452055404
433,South Africa_Landing_26,South Africa,-16.198135512571497,155.54417493184047
434,Indonesia_Landing_38,Indonesia,59.67179108765342,-115.2262034608681
435,Tanzania_Landing_36,Tanzania,-56.77006695895976,81.79681097108124
436,Bulgaria_Landing_14,Bulgaria,-7.38540548293097,-75.12076512529369
437,Romania_Landing_5,Romania,38.275868160535026,106.43646095854359
438,Greece_Landing_44,Greece,-0.08361416532476795,48.000974275318896
439,Australia_Landing_17,Australia,19.039556223878165,77.48510086779345
440,Morocco_Landing_5,Morocco,-6.111993499963937,35.2561877110935
441,Netherlands_Landing_26,Netherlands,4.12408814425406,152.45847144232079
442,Romania_Landing_27,Romania,5.237424406497325,104.65953013773333
443,Nigeria_Landing_45,Nigeria,47.46018184330789,13.286154968851633
444,Norway_Landing_6,Norway,-46.87566897068557,-90.636851215835
445,Finland_Landing_23,Finland,-40.03938080638662,40.56404483278695
446,Colombia_Landing_42,Colombia,21.296627503702283,-36.13761135897039
447,Jordan_Landing_22,Jordan,55.88601332565939,-25.036004199534375
448,USA_Landing_7,USA,-28.951395551561347,3.8434465890160823
449,Canada_Landing_36,Canada,9.66219546288049,27.08474337735342
450,Saudi Arabia_Landing_24,Saudi Arabia,-13.063899758699662,98.04320368647552
451,Netherlands_Landing_45,Netherlands,0.05589379436814568,-55.811740464173425
452,France_Landing_31,France,-47.4540770392726,-30.248845730743483
453,Italy_Landing_8,Italy,39.758129364856615,82.85426028820171
454,Kenya_Landing_20,Kenya,-18.831998298764866,102.33719911033091
455,Canada_Landing_31,Canada,-18.203964403722416,-144.8557087947448
456,Croatia_Landing_45,Croatia,-5.7063368091796605,-155.8172375850747
457,Portugal_Landing_46,Portugal,-46.18976799614569,125.70480289688749
458,Denmark_Landing_7,Denmark,21.256719946906088,-120.83252657374683
459,Israel_Landing_16,Israel,1.9192682276247979,18.687704337007204
460,Vietnam_Landing_36,Vietnam,-8.835673965398122,-13.660503302007953
461,Turkey_Landing_41,Turkey,-37.86578698183276,50.572395597628116
462,Qatar_Landing_26,Qatar,-56.49692707891313,41.07849745389112
463,Indonesia_Landing_29,Indonesia,11.064379003244198,-40.019119071945454
464,Bulgaria_Landing_14,Bulgaria,-35.30586247592137,90.83717832977698
465,UK_Landing_37,UK,-47.789754152742915,133.91255880355862
466,Singapore_Landing_24,Singapore,-20.881810608141784,-15.281848005773242
467,Brazil_Landing_43,Brazil,43.516385694876874,9.977407066001774
468,Norway_Landing_21,Norway,11.636499513959222,40.07103161004068
469,Netherlands_Landing_8,Netherlands,-18.249043507589477,124.3864089610413
470,Sweden_Landing_12,Sweden,37.648590511312065,74.15580994055281
471,Malaysia_Landing_40,Malaysia,10.820203797297438,61.95962941811379
472,Thailand_Landing_8,Thailand,-31.37127282734513,-137.8983945705293
473,Nigeria_Landing_45,Nigeria,-43.036974807836245,-40.15322304840328
474,Germany_Landing_9,Germany,8.976725384929736,-27.706038453643572
475,Chile_Landing_41,Chile,4.485512399762499,150.89795881728554
476,Singapore_Landing_36,Singapore,-39.97613714071331,-76.01948134223557
477,Singapore_Landing_21,Singapore,41.038225696385766,42.987592364102966
478,Kenya_Landing_1,Kenya,-1.846929666517937,-109.7537430116703
479,Morocco_Landing_36,Morocco,0.6525623676804457,-1.8108547680946856
480,Poland_Landing_32,Poland,-10.12434776710657,122.3610487564402
481,Chile_Landing_11,Chile,-50.07952490562397,-168.89014596851828
482,Jordan_Landing_15,Jordan,-24.949210852955204,-81.05294942152777
483,Mexico_Landing_19,Mexico,-39.81492270761116,-15.364300581558325
484,Israel_Landing_50,Israel,31.910346593242878,17.901426433698475
485,UAE_Landing_37,UAE,-46.295201836923745,99.04069003103837
486,Nigeria_Landing_35,Nigeria,38.71331133555135,-165.020211982716
487,Croatia_Landing_29,Croatia,5.562392966635755,176.31926203560596
488,Egypt_Landing_48,Egypt,39.608485985104764,90.48437810772197
489,Malaysia_Landing_3,Malaysia,-6.0321188603503515,-54.51228834396703
490,Italy_Landing_29,Italy,43.83485644515545,-137.741030460392
491,Australia_Landing_14,Australia,37.284326020729225,31.652602911651798
492,Kenya_Landing_46,Kenya,13.231416314337224,-25.859857948471756
493,Sweden_Landing_9,Sweden,34.18191719647018,112.87075157835613
494,Spain_Landing_37,Spain,-17.902142525660288,-78.80939323552873
495,Mexico_Landing_11,Mexico,-21.161566097438197,73.45935423186788
496,Philippines_Landing_37,Philippines,-27.918832046630385,128.88606418065274
497,Poland_Landing_7,Poland,-43.729331228638905,90.03388913608171
498,Greece_Landing_4,Greece,59.09834707736093,132.13713255616022
499,Oman_Landing_45,Oman,43.92945539893881,-90.11619290226967
500,Bulgaria_Landing_21,Bulgaria,39.41781632383591,94.13049149274849
501,Poland_Landing_26,Poland,-1.2649528901234675,27.873190549498133
502,South Africa_Landing_41,South Africa,-10.292989276195485,-17.28297988186884
503,Norway_Landing_50,Norway,-48.82862591488591,5.620849951571643
504,South Africa_Landing_45,South Africa,52.36033369062902,-47.13437733284809
505,Chile_Landing_21,Chile,9.834665360277654,132.80679463363214
506,Croatia_Landing_6,Croatia,27.711832498446356,-14.958267595301635
507,Finland_Landing_45,Finland,-17.013272479081536,-157.20095301833712
508,Mexico_Landing_26,Mexico,-33.860407798175295,-25.328483753315
509,Japan_Landing_32,Japan,-27.775579402269294,118.20370213757087
510,Vietnam_Landing_36,Vietnam,9.35203683131418,23.811159930170504
511,Chile_Landing_22,Chile,47.29855896462672,94.41144807210065
512,Portugal_Landing_7,Portugal,15.14154265870728,121.2127843905198
513,France_Landing_8,France,51.53194504170261,-123.12593460930185
514,Sri Lanka_Landing_1,Sri Lanka,59.020588658480435,-25.99225168798455
515,Romania_Landing_9,Romania,45.857731685039866,-71.32841842448799
516,South Africa_Landing_6,South Africa,18.550555730255283,-89.8598597223208
517,Nigeria_Landing_43,Nigeria,48.456032260278946,-120.41097150263624
518,Turkey_Landing_41,Turkey,-23.338890618692318,71.79889374884647
519,South Korea_Landing_28,South Korea,18.658227406024196,73.33129431505591
520,USA_Landing_14,USA,-2.7831950086903063,-132.2280748656048
521,South Korea_Landing_34,South Korea,21.597927014589487,-176.65669886095435
522,Romania_Landing_22,Romania,38.05308322959581,175.73576740713793
523,Qatar_Landing_45,Qatar,-44.1389818688927,-154.50181005581564
524,Morocco_Landing_6,Morocco,27.691605811676524,-143.1262186381776
525,Thailand_Landing_24,Thailand,45.71867939763247,-130.6334538923236
526,Tanzania_Landing_49,Tanzania,44.93967545015772,50.96741346611418
527,Poland_Landing_10,Poland,-51.79060709729052,22.784837209067547
528,Sweden_Landing_42,Sweden,-40.30601402512245,-53.572421222362465
529,Japan_Landing_41,Japan,29.792260364926562,151.1618848757115
530,Sweden_Landing_44,Sweden,-6.913935667309886,-101.79191595906251
531,Egypt_Landing_9,Egypt,30.29347758575429,32.24661039414474
532,Morocco_Landing_23,Morocco,55.58984526639169,-66.77867945441903
533,Oman_Landing_16,Oman,-26.763881166618553,-149.6704622407248
534,Peru_Landing_39,Peru,12.000944067102338,38.73351560958838
535,Tanzania_Landing_45,Tanzania,-56.781071262456095,124.94520751406202
536,Malaysia_Landing_14,Malaysia,2.1298953356684933,3.428123801296522
537,Israel_Landing_26,Israel,-24.534953850952,-160.35511283450893
538,Australia_Landing_32,Australia,-13.693731028368774,-93.21056798212446
539,Norway_Landing_39,Norway,-51.47855979655401,139.9408301112868
540,USA_Landing_24,USA,52.07092820090591,-132.48616293622726
541,Colombia_Landing_27,Colombia,-16.150504458228156,65.85913764087343
542,Jordan_Landing_31,Jordan,54.53435807290637,97.332137720861
543,France_Landing_38,France,-51.89609168726794,-85.61330022165585
544,Portugal_Landing_4,Portugal,53.84159963365495,-36.728991401345894
545,Philippines_Landing_41,Philippines,25.515489132150066,96.15960023966073
546,Qatar_Landing_45,Qatar,-11.726710722660002,50.59342379244666
547,Mexico_Landing_40,Mexico,-41.67834674346352,-149.90505343998612
548,Italy_Landing_33,Italy,50.51098305272831,170.75281836764236
549,India_Landing_35,India,-20.789964445771425,31.117378684475483
550,Jordan_Landing_42,Jordan,21.726682165105245,-156.1985698963626
551,Romania_Landing_28,Romania,27.59500529178497,124.72852145067947
552,Spain_Landing_16,Spain,-49.65446419302128,-23.585908101833127
553,Sri Lanka_Landing_40,Sri Lanka,13.059888531293225,-68.65557700553057
554,Israel_Landing_43,Israel,28.878981628101386,-137.0005175131605
555,Bulgaria_Landing_9,Bulgaria,24.179953346863925,-121.02025286325328
556,Kenya_Landing_34,Kenya,2.0667410936836177,116.10247417893697
557,Brazil_Landing_11,Brazil,-15.375668293001716,89.91949827376476
558,South Africa_Landing_47,South Africa,46.369771168878714,97.71490457626487
559,France_Landing_22,France,36.85294159888437,-82.08698579231265
560,UK_Landing_17,UK,25.478789784059444,27.594602897106228
561,UK_Landing_32,UK,-5.376266678468703,-50.355397612168815
562,Chile_Landing_37,Chile,-39.97423288134833,-123.36840680359462
563,Tanzania_Landing_7,Tanzania,47.31221041731145,62.683355362714906
564,UAE_Landing_15,UAE,28.893595494769414,-179.0753378282961
565,USA_Landing_16,USA,-54.48221641323157,-48.968461320753335
566,India_Landing_12,India,51.73920925886226,128.69467118927008
567,Peru_Landing_46,Peru,28.879899372789225,-29.027050429392546
568,Thailand_Landing_16,Thailand,-10.049208179842154,79.30365171415093
569,South Africa_Landing_5,South Africa,8.584315514094968,-137.01566531706797
570,Poland_Landing_4,Poland,-38.47867796732332,109.56168700515241
571,Portugal_Landing_26,Portugal,-51.72882746727059,-12.566095949920992
572,Philippines_Landing_50,Philippines,41.38158051135936,-62.17166817859719
573,Peru_Landing_30,Peru,-59.04369917310534,-107.7583847569359
574,Colombia_Landing_20,Colombia,28.749118408010162,-92.66976232071514
575,Nigeria_Landing_38,Nigeria,56.62292941811144,179.203361855006
576,Tanzania_Landing_13,Tanzania,27.895600408711985,16.761327339512064
577,Australia_Landing_10,Australia,-59.23465406978351,-32.387000556232834
578,South Korea_Landing_35,South Korea,-18.42915627127126,122.24664248262258
579,USA_Landing_22,USA,-59.82455513573067,56.62938606335922
580,Israel_Landing_47,Israel,-23.09872349743634,-106.13002575387647
581,Australia_Landing_27,Australia,-0.9565347780122906,-158.43777276485173
582,India_Landing_46,India,-26.420967495715644,-164.19590434686256
583,South Korea_Landing_34,South Korea,-10.433183579879795,142.40805845034947
584,Sri Lanka_Landing_48,Sri Lanka,-49.811709898021256,-145.5922780785412
585,Oman_Landing_41,Oman,38.39554702730592,-153.0610256412441
586,Colombia_Landing_4,Colombia,-7.802054587801763,167.11857890378667
587,Australia_Landing_19,Australia,-28.681087329166797,-66.59679045248701
588,Turkey_Landing_45,Turkey,39.8279801625188,-62.54943523927943
589,Saudi Arabia_Landing_18,Saudi Arabia,-31.966652803402464,159.67968697083404
590,Oman_Landing_50,Oman,32.41759441915873,-140.7697798613623
591,Egypt_Landing_11,Egypt,-6.051990271161401,-66.9480163876376
592,UAE_Landing_35,UAE,-17.00550648751731,97.3212295379418
593,Saudi Arabia_Landing_20,Saudi Arabia,-4.398408593230329,126.8935868380135
594,Italy_Landing_11,Italy,36.91162856166497,-70.48260616139171
595,Bulgaria_Landing_45,Bulgaria,12.396298384961312,-102.59251578947226
596,Thailand_Landing_10,Thailand,-49.05445154503816,-90.64123579394817
597,Kenya_Landing_26,Kenya,1.615161045447536,63.78601571606586
598,Brazil_Landing_12,Brazil,-56.27014879694885,-34.41879847901711
599,Saudi Arabia_Landing_36,Saudi Arabia,29.769413665045107,-90.05305384024162
600,Sri Lanka_Landing_7,Sri Lanka,36.46761041326202,-129.67450586167595
601,USA_Landing_4,USA,39.64467982735631,173.72420549410378
602,Oman_Landing_13,Oman,38.840809822602694,-45.99369222624085
603,Norway_Landing_42,Norway,-49.91526909262795,31.002750792916345
604,UK_Landing_2,UK,59.65937113565687,-108.80987878964406
605,Denmark_Landing_29,Denmark,37.11583983492095,-146.88769008347342
606,Vietnam_Landing_8,Vietnam,-54.8764417091483,-14.041828079301354
607,Pakistan_Landing_37,Pakistan,-8.021234731359435,80.79510496705416
608,Chile_Landing_2,Chile,-14.072467371929072,-26.400953365783437
609,Kenya_Landing_14,Kenya,48.99650590463081,-81.00656315127284
610,Saudi Arabia_Landing_10,Saudi Arabia,-55.84206675221929,42.903557584522474
611,Australia_Landing_42,Australia,-24.587380440034025,-31.682805733380576
612,Peru_Landing_31,Peru,-52.68251172805887,-79.28064452197032
613,Oman_Landing_27,Oman,-36.065063200009604,138.4749058409874
614,Canada_Landing_16,Canada,15.690526658970654,108.78050979760587
615,France_Landing_25,France,33.829892021451,-50.71964045847659
616,Mexico_Landing_32,Mexico,-18.715905625214873,23.634401417237285
617,Thailand_Landing_25,Thailand,-27.54771782772314,-170.61733160319983
618,Germany_Landing_15,Germany,-56.48358473560384,111.8481716534032
619,South Africa_Landing_4,South Africa,37.03846602874813,-10.193621288272567
620,Kenya_Landing_50,Kenya,10.078670382147209,-96.20563394849934
621,Pakistan_Landing_7,Pakistan,-30.257153519811254,-93.18499374427111
622,Mexico_Landing_48,Mexico,-53.29096129770603,178.70113746232454
623,South Korea_Landing_37,South Korea,41.580610855815976,107.06064745658716
624,Kenya_Landing_12,Kenya,-38.86795589040119,33.307023305308576
625,Israel_Landing_45,Israel,-16.946024077552565,32.9624981444654
626,Bulgaria_Landing_45,Bulgaria,-17.79814218202943,24.354491553443182
627,India_Landing_37,India,53.80422072550684,121.21086266400096
628,Chile_Landing_35,Chile,-22.91363134185365,-3.4428887541074857
629,Italy_Landing_4,Italy,-32.08519703001131,-101.22878099103218
630,Canada_Landing_31,Canada,-59.9179804339403,150.44262693143276
631,Indonesia_Landing_9,Indonesia,-19.1089146879873,-116.11444584458263
632,Thailand_Landing_4,Thailand,-57.370452450771324,31.179303032835406
633,India_Landing_50,India,-46.689528960155656,9.46615628779685
634,Nigeria_Landing_5,Nigeria,-15.169106389995214,159.092356848495
635,Turkey_Landing_38,Turkey,-47.87613957831764,-71.36454465883114
636,Oman_Landing_11,Oman,27.8822430509569,-22.72738214535036
637,Norway_Landing_32,Norway,17.90163187737768,-117.28703845600896
638,Peru_Landing_45,Peru,46.752026017467855,40.935235048212434
639,Kenya_Landing_15,Kenya,19.863800336972005,113.20352511947294
640,Morocco_Landing_20,Morocco,28.079396803824693,-73.97378470118782
641,Singapore_Landing_47,Singapore,-59.7842511992561,72.7230413372169
642,Colombia_Landing_26,Colombia,42.090835864201,97.49894132812483
643,Colombia_Landing_3,Colombia,-38.15018927837431,-65.44191173036579
644,Sweden_Landing_15,Sweden,16.757612734034865,-142.52031611496506
645,Chile_Landing_10,Chile,-20.25978886007369,-151.98961015285155
646,Kenya_Landing_21,Kenya,-39.85350998980991,138.71529122224945
647,Italy_Landing_46,Italy,20.402948533686413,82.5429409682398
648,Vietnam_Landing_29,Vietnam,-58.63252556454024,-104.51365761582028
649,Romania_Landing_5,Romania,-17.942260572322077,103.32720219263774
650,Croatia_Landing_1,Croatia,-54.2223050720062,-22.240749122720842
651,Greece_Landing_11,Greece,46.1462397104673,-2.4904823494148616
652,Morocco_Landing_23,Morocco,5.522876121414512,-143.48571853063623
653,Bangladesh_Landing_37,Bangladesh,18.116347573617276,67.37774551816119
654,Pakistan_Landing_29,Pakistan,-51.1548732526351,124.47449424884172
655,Philippines_Landing_2,Philippines,-21.753971045201098,162.59836731628343
656,UK_Landing_22,UK,-39.58737562185711,-44.83516173120131
657,Croatia_Landing_5,Croatia,5.645551033467768,143.32470232319048
658,Italy_Landing_22,Italy,11.283665286251392,40.91210128040177
659,Bangladesh_Landing_46,Bangladesh,-56.280815513739,159.27921291670697
660,Pakistan_Landing_39,Pakistan,46.77039244848524,-123.44264016091773
661,Egypt_Landing_22,Egypt,-35.33394279384754,-111.60566726818124
662,Romania_Landing_36,Romania,26.644572549081076,82.79064204130435
663,Brazil_Landing_43,Brazil,-26.217231186568164,-94.48261741899157
664,Spain_Landing_26,Spain,8.61237694292899,122.34762174443438
665,India_Landing_4,India,-16.70052945272723,-26.061855319543128
666,Philippines_Landing_43,Philippines,15.0109144451161,-7.081776917853006
667,Egypt_Landing_2,Egypt,-35.1656420491646,49.748637266845435
668,Italy_Landing_31,Italy,41.252288921632385,-68.99277595761743
669,Turkey_Landing_31,Turkey,-1.3083825455211269,57.974419708561754
670,Italy_Landing_42,Italy,5.295123506361648,-113.44276060486298
671,Morocco_Landing_24,Morocco,-37.610047061048206,-163.93790710876476
672,Saudi Arabia_Landing_30,Saudi Arabia,-28.39190284051692,121.3483507684046
673,Colombia_Landing_4,Colombia,-41.86431906917531,70.72954237676149
674,Egypt_Landing_6,Egypt,20.176940867714322,110.94485666544466
675,Greece_Landing_49,Greece,10.767173076432414,19.296686216847178
676,Morocco_Landing_34,Morocco,-9.764151007865934,12.785188312414675
677,Bangladesh_Landing_37,Bangladesh,45.79846433011474,-8.545578810671287
678,Italy_Landing_26,Italy,48.33326416069849,77.15005168692954
679,Argentina_Landing_37,Argentina,48.05460737659102,108.16212121944682
680,Poland_Landing_40,Poland,-42.30628151868416,161.73173392257058
681,Saudi Arabia_Landing_12,Saudi Arabia,53.887377963395096,-119.82067652062064
682,Japan_Landing_13,Japan,-44.857680163375235,-27.585036246384192
683,Poland_Landing_28,Poland,-35.76968640333186,116.12305183560721
684,India_Landing_39,India,-29.053636801466816,147.88961486337394
685,UK_Landing_6,UK,-13.428101638229911,-36.95220203146707
686,Thailand_Landing_18,Thailand,2.362581305048316,150.1782878819693
687,USA_Landing_45,USA,14.766951430656974,8.122323761931312
688,Greece_Landing_8,Greece,-10.266912147722557,-126.64809313435995
689,Netherlands_Landing_38,Netherlands,31.005286542920757,158.27399459535957
690,Egypt_Landing_37,Egypt,33.54536363571026,102.86842691148388
691,Mexico_Landing_23,Mexico,45.34722752352657,-84.91081313866638
692,Denmark_Landing_32,Denmark,8.642788775827427,-9.703218240382995
693,Singapore_Landing_18,Singapore,-11.6431249882108,42.56801589664738
694,Poland_Landing_45,Poland,-11.793612207070716,-37.51461207682854
695,Vietnam_Landing_45,Vietnam,-31.49048473004314,88.46993514208901
696,South Africa_Landing_24,South Africa,-57.572053368807374,114.25893310989989
697,Malaysia_Landing_20,Malaysia,-26.358401617843008,-3.0170831906458773
698,Romania_Landing_44,Romania,-48.21391316727105,132.8040090357115
699,Oman_Landing_20,Oman,56.906330952397255,-20.480179200685598
700,Thailand_Landing_18,Thailand,27.455929592346592,37.79248768389024
701,Italy_Landing_13,Italy,-6.9940082329000575,148.83580995074652
702,Greece_Landing_48,Greece,-1.8647604350805693,5.940510572403866
703,Nigeria_Landing_4,Nigeria,1.8323643131468188,-122.76992064995983
704,Malaysia_Landing_46,Malaysia,0.81543302838665,-131.16606443385848
705,Canada_Landing_37,Canada,-56.526220881577714,-110.60515914063905
706,Indonesia_Landing_4,Indonesia,-30.061168641086482,-15.678479833890975
707,Nigeria_Landing_46,Nigeria,-36.10682731213198,-47.39330607308253
708,Sri Lanka_Landing_33,Sri Lanka,-12.36692669802028,152.3064846142696
709,Poland_Landing_2,Poland,-30.96742864924661,-4.036773936035559
710,Saudi Arabia_Landing_12,Saudi Arabia,55.26244539363452,-9.150375937842682
711,Peru_Landing_23,Peru,-18.690119537549975,121.55535729242183
712,Brazil_Landing_48,Brazil,39.704424162671444,-147.45890838932263
713,France_Landing_25,France,-54.04187485911781,127.37567757079677
714,Tanzania_Landing_14,Tanzania,42.85334249259627,53.05676103413353
715,Poland_Landing_14,Poland,-27.70997048772515,-32.57740926160483
716,France_Landing_50,France,56.056602687453676,65.59190335276179
717,Bangladesh_Landing_9,Bangladesh,17.684586501002897,36.411102178032166
718,USA_Landing_15,USA,-29.71314703672182,109.8308049103751
719,Malaysia_Landing_46,Malaysia,56.0429332042052,51.386512064459026
720,Qatar_Landing_25,Qatar,42.19034077111709,-14.760713199380518
721,Japan_Landing_30,Japan,-23.742589047077765,7.429643398164899
722,Sweden_Landing_26,Sweden,10.138458701055143,-177.35487383496064
723,Finland_Landing_24,Finland,7.3748540705520895,33.7581153158697
724,Philippines_Landing_20,Philippines,22.129576302860258,-6.574169226129811
725,Vietnam_Landing_18,Vietnam,16.87136947375869,130.136976090659
726,Brazil_Landing_42,Brazil,25.331253068615013,141.25456716513577
727,Malaysia_Landing_13,Malaysia,-42.00848443750122,95.57077978930431
728,Spain_Landing_39,Spain,-11.50818884921344,-64.9491342524285
729,Oman_Landing_47,Oman,-56.945367465555165,-0.9457817741567283
730,Philippines_Landing_17,Philippines,48.82938750257999,-34.34439793393784
731,Israel_Landing_3,Israel,9.962844289602899,178.11134283196384
732,Indonesia_Landing_22,Indonesia,27.18598518970842,-99.94925016854319
733,Mexico_Landing_41,Mexico,34.18764663553404,146.3495419818197
734,Finland_Landing_23,Finland,0.8777826728178368,124.35092792805426
735,Finland_Landing_36,Finland,-38.263697063519906,-144.86289702742465
736,Oman_Landing_48,Oman,-28.961777932775053,111.00379289128927
737,Jordan_Landing_12,Jordan,53.63080562327417,143.85281682631137
738,Denmark_Landing_6,Denmark,-33.3295786184519,-99.60194686118089
739,Malaysia_Landing_27,Malaysia,34.57085241691192,-60.72583069052047
740,Brazil_Landing_38,Brazil,-24.71386540195887,126.4369997561077
741,Bangladesh_Landing_4,Bangladesh,43.967204363104756,30.08686310732898
742,Sweden_Landing_5,Sweden,-3.3336381112700195,-109.96423020830859
743,UAE_Landing_44,UAE,-14.199693623329551,-72.59192862571322
744,Spain_Landing_10,Spain,-43.51616889922513,-107.89322731374834
745,Greece_Landing_37,Greece,47.141414797265156,175.1937321180531
746,India_Landing_21,India,43.48727320045393,-115.07156312153622
747,Italy_Landing_32,Italy,-20.08446637001684,175.19053417188474
748,Thailand_Landing_41,Thailand,-53.038369412976365,-17.260837715342404
749,Japan_Landing_49,Japan,32.82507255846775,27.46040966521312
750,Pakistan_Landing_32,Pakistan,34.225308683725444,100.71088427077888
751,Oman_Landing_40,Oman,-7.9546302853636135,-25.41249971671661
752,Qatar_Landing_31,Qatar,-14.002029593584723,-166.41888534902233
753,Indonesia_Landing_47,Indonesia,-15.227831348715476,-174.93223725913242
754,Thailand_Landing_49,Thailand,39.987439987987685,-111.39238442145437
755,Poland_Landing_1,Poland,15.202431440594708,-90.4236757646825
756,Romania_Landing_23,Romania,-22.54892874157656,-143.02503959776337
757,Argentina_Landing_38,Argentina,-23.26618894903047,-156.49667191070486
758,Portugal_Landing_20,Portugal,53.815605006362006,-15.86652769133832
759,Canada_Landing_39,Canada,2.8941172401623234,-23.88051718718816
760,Poland_Landing_9,Poland,-18.87205928909281,144.49815941202883
761,Kenya_Landing_49,Kenya,-37.38887593309567,161.31036733449935
762,Turkey_Landing_2,Turkey,-32.58980581970094,81.78077812907566
763,Oman_Landing_14,Oman,28.089194317382507,32.289420527726975
764,Pakistan_Landing_8,Pakistan,-16.00902583201818,54.19453684364089
765,Portugal_Landing_25,Portugal,45.18529651193715,-87.91589738689456
766,Mexico_Landing_40,Mexico,-54.16956461019153,178.08488411654332
767,Finland_Landing_7,Finland,18.428114208090307,-172.89296405490774
768,Romania_Landing_8,Romania,-9.986932178454737,-43.10864534605875
769,Peru_Landing_17,Peru,-3.0724394006715343,-124.8742446752029
770,Romania_Landing_44,Romania,15.637360819552427,-71.59807628755478
771,Finland_Landing_7,Finland,19.497955906667613,-82.80822616661193
772,Germany_Landing_45,Germany,-43.54037724242293,119.03497936952033
773,Egypt_Landing_33,Egypt,26.251946941940147,-137.61555536259385
774,UAE_Landing_7,UAE,-0.27131241680981333,39.24065136842265
775,Tanzania_Landing_17,Tanzania,39.77985846085497,170.32310003491006
776,Kenya_Landing_46,Kenya,-10.829252336605315,-122.26550449292321
777,Peru_Landing_32,Peru,49.242795295441724,67.7534095639345
778,Bangladesh_Landing_22,Bangladesh,-31.859368083413244,-175.41021554330047
779,Italy_Landing_8,Italy,40.227859831588944,60.84789498059041
780,India_Landing_6,India,33.54314671013236,-152.9826430940412
781,Croatia_Landing_7,Croatia,48.573526074789854,51.96124496473149
782,Sri Lanka_Landing_19,Sri Lanka,-28.30499726747511,-161.97112950733896
783,Singapore_Landing_3,Singapore,42.26984228840516,-50.32272094060039
784,Poland_Landing_21,Poland,-8.880575235003064,-138.27562068254167
785,Jordan_Landing_3,Jordan,-58.83932067275162,-130.17800063783073
786,Denmark_Landing_11,Denmark,-20.560700871770926,142.0299422560425
787,Sweden_Landing_18,Sweden,45.417064487696834,-146.53752644252796
788,Vietnam_Landing_12,Vietnam,-46.34016001155004,-35.9099186477693
789,Sri Lanka_Landing_18,Sri Lanka,40.285001443966166,68.36487521411306
790,Bangladesh_Landing_27,Bangladesh,17.861578064671647,106.8874405327465
791,UAE_Landing_9,UAE,23.540384822855387,-158.88729756053615
792,Pakistan_Landing_7,Pakistan,-10.076674004292414,32.67010907652184
793,Colombia_Landing_44,Colombia,-7.420463399952155,40.07633698515801
794,Tanzania_Landing_23,Tanzania,13.363010313048562,130.52727882867373
795,Croatia_Landing_9,Croatia,-2.030441236140149,-4.275800282824889
796,Greece_Landing_29,Greece,-54.4833209544396,-85.81936779774365
797,Thailand_Landing_1,Thailand,24.548181177674763,64.05441156725917
798,Tanzania_Landing_48,Tanzania,9.197880974805543,23.404401247460896
799,Finland_Landing_22,Finland,2.291961481961458,67.7669916466539
800,Sweden_Landing_7,Sweden,-8.058251146930523,81.59470863258628
801,Bangladesh_Landing_23,Bangladesh,19.645277270342916,50.90560301062152
802,India_Landing_36,India,47.047425795607225,40.64904406401368
803,USA_Landing_42,USA,52.12457045041981,2.0043258785039484
804,Bangladesh_Landing_32,Bangladesh,44.329876153532155,-153.04851270828547
805,Chile_Landing_21,Chile,-31.092981996332263,169.25221756202404
806,Spain_Landing_33,Spain,-33.27521721974412,51.59423333637065
807,Turkey_Landing_16,Turkey,-50.540328509424995,-20.092004474594745
808,Colombia_Landing_29,Colombia,-49.437616595695125,-0.555787377472825
809,Thailand_Landing_8,Thailand,57.680488673484334,88.28602727662235
810,France_Landing_7,France,-11.587240923340431,-167.10050433451562
811,Peru_Landing_1,Peru,39.10905101081329,105.04198266203088
812,Sweden_Landing_41,Sweden,-23.448245027562173,3.0015865150073466
813,Japan_Landing_42,Japan,20.576924493498723,162.12784679761165
814,Nigeria_Landing_4,Nigeria,37.99064238928388,123.95427825753086
815,Vietnam_Landing_36,Vietnam,32.089967983744714,35.98241456097455
816,Bulgaria_Landing_43,Bulgaria,-16.404654339629275,-17.08831577711993
817,Egypt_Landing_49,Egypt,19.069230456722167,-179.2090987943965
818,Kenya_Landing_41,Kenya,55.7320420145208,-74.88591702901866
819,Canada_Landing_24,Canada,24.25152639119824,-163.51988045218766
820,Pakistan_Landing_32,Pakistan,-43.146097521330134,78.06820055323777
821,Croatia_Landing_27,Croatia,-47.16461933765772,39.906635809926144
822,Indonesia_Landing_8,Indonesia,51.62595109837744,-38.55726363053756
823,Sri Lanka_Landing_13,Sri Lanka,26.014549736321158,-141.2043309765029
824,Greece_Landing_3,Greece,51.195183664477284,121.48784549512737
825,Netherlands_Landing_8,Netherlands,32.65742083646745,-17.81834509477295
826,Finland_Landing_38,Finland,54.74283859509012,-131.5310348049722
827,Chile_Landing_1,Chile,3.643721702290108,-162.51422197251412
828,Qatar_Landing_38,Qatar,-2.048164375688849,2.9998436658779895
829,Singapore_Landing_45,Singapore,9.426526284501193,82.97807822739998
830,Oman_Landing_7,Oman,-13.511330493520084,36.19656784994805
831,Thailand_Landing_33,Thailand,45.76686804115411,-29.280691499857056
832,Germany_Landing_45,Germany,31.48495875141512,-81.50548321579996
833,Vietnam_Landing_19,Vietnam,-5.658515270235988,-131.98614083420634
834,Greece_Landing_39,Greece,24.00171418765501,89.43367171604979
835,Malaysia_Landing_45,Malaysia,5.736716563142124,-66.99211376700724
836,Israel_Landing_36,Israel,15.90999414087166,-107.67993036287601
837,Sweden_Landing_46,Sweden,-25.13046054248992,-55.69431087651081
838,Poland_Landing_9,Poland,57.76025954818407,54.03109961051206
839,Singapore_Landing_33,Singapore,5.0989774116682725,49.275876552293454
840,Bulgaria_Landing_8,Bulgaria,31.29300297996801,22.420876122513164
841,Netherlands_Landing_37,Netherlands,53.12083810611716,75.64450733581225
842,Poland_Landing_48,Poland,47.26392016535041,12.205009333298108
843,Qatar_Landing_1,Qatar,2.7275983451042762,-170.90202914839006
844,India_Landing_4,India,20.430501452033013,-108.03512978470195
845,Jordan_Landing_11,Jordan,58.023887234880505,66.02051831932334
846,India_Landing_4,India,22.87138204368121,-73.74939625382184
847,Jordan_Landing_35,Jordan,-56.12323401092074,113.04943831960873
848,Egypt_Landing_40,Egypt,44.16424483852924,86.21729286222597
849,South Korea_Landing_48,South Korea,17.65433331841578,-40.000801641237956
850,Argentina_Landing_45,Argentina,-25.48336145913357,59.21768469298448
851,Morocco_Landing_25,Morocco,-10.012051501838599,103.72015082311765
852,Poland_Landing_21,Poland,55.89998562823945,-160.63121076921013
853,Israel_Landing_17,Israel,-35.629533272479456,132.78598607430575
854,Saudi Arabia_Landing_15,Saudi Arabia,49.378365248848624,73.6664648014036
855,Denmark_Landing_24,Denmark,30.612924625025983,16.78144921244686
856,Germany_Landing_13,Germany,33.13760941467986,167.14433632537106
857,Philippines_Landing_29,Philippines,-38.708892181408416,65.75718661255266
858,Singapore_Landing_12,Singapore,28.209538323146262,-137.03262794173241
859,Portugal_Landing_28,Portugal,-26.506530442894743,-84.8737456886176
860,Pakistan_Landing_38,Pakistan,41.52170353086247,-177.96775103358476
861,Sri Lanka_Landing_46,Sri Lanka,52.49933405650171,-165.62138784428527
862,Thailand_Landing_39,Thailand,-53.897347056572784,155.6574716056287
863,Sweden_Landing_43,Sweden,-23.86142180214739,104.36694567027473
864,Peru_Landing_23,Peru,-51.254304542513395,74.76536210201112
865,Canada_Landing_15,Canada,54.83852611530044,7.4182634394133515
866,Argentina_Landing_11,Argentina,-10.088250747549395,13.33294291220713
867,Italy_Landing_23,Italy,-33.45623026782567,-103.19262833296946
868,Vietnam_Landing_22,Vietnam,-16.704261040472076,-101.3596971175747
869,Jordan_Landing_40,Jordan,3.659867472818952,178.78718973756196
870,Jordan_Landing_42,Jordan,-58.94355644459551,60.81784847797917
871,Saudi Arabia_Landing_16,Saudi Arabia,48.53957501852305,40.932394941885974
872,Sweden_Landing_16,Sweden,55.067617928872025,65.71848987667008
873,Thailand_Landing_25,Thailand,49.91189163584106,160.19556135546156
874,Morocco_Landing_17,Morocco,4.828477553107376,-78.18156205941692
875,Canada_Landing_50,Canada,-15.005034940562503,109.01402550298576
876,Saudi Arabia_Landing_32,Saudi Arabia,-54.73780069073979,143.38137920610717
877,Indonesia_Landing_21,Indonesia,1.6673640152920228,161.35625507343048
878,Pakistan_Landing_50,Pakistan,4.556979715710128,-177.36098896193576
879,UK_Landing_14,UK,20.440215137166803,98.48961589293958
880,Poland_Landing_28,Poland,40.27980932944429,-105.99135552651052
881,Romania_Landing_48,Romania,33.02480885556736,52.762017354604325
882,UK_Landing_48,UK,22.325224715847895,-171.44893940298945
883,Bulgaria_Landing_22,Bulgaria,-55.45364223046222,-153.63070950257404
884,Singapore_Landing_17,Singapore,6.970104638137286,26.986425934604966
885,South Korea_Landing_17,South Korea,-11.084066580504832,-17.594761052144975
886,Turkey_Landing_28,Turkey,-22.031490489639978,-39.77932779202206
887,UAE_Landing_35,UAE,-59.29212870470637,79.30284516964679
888,UK_Landing_49,UK,29.514123724944596,-163.61393263699466
889,UK_Landing_23,UK,51.365730019960054,-141.79120492680988
890,Poland_Landing_20,Poland,12.787900942419668,-78.653720054785
891,Saudi Arabia_Landing_25,Saudi Arabia,-12.58640901256588,57.86033936660658
892,Bangladesh_Landing_11,Bangladesh,4.016131657241928,-130.90267428136315
893,Turkey_Landing_35,Turkey,-24.60258368241705,48.256440847122605
894,Malaysia_Landing_44,Malaysia,46.43737427666984,167.53154163216175
895,Croatia_Landing_42,Croatia,-15.224338211961118,161.80743727098456
896,Peru_Landing_36,Peru,-43.035136053053904,-164.9616694315468
897,Colombia_Landing_39,Colombia,-12.710195895595518,17.10916206920578
898,Italy_Landing_20,Italy,-34.79365311715313,86.914973894333
899,Croatia_Landing_23,Croatia,-34.59156684936182,146.02609092396006
900,Argentina_Landing_10,Argentina,-40.6854770922726,-100.51633103133314
901,Brazil_Landing_13,Brazil,-46.245294945217985,61.55204808620823
902,Colombia_Landing_4,Colombia,42.1665266910569,155.65315154513348
903,Peru_Landing_30,Peru,17.360941663084574,-153.66795402292195
904,Finland_Landing_5,Finland,-29.917486222205408,-108.92966671875024
905,Netherlands_Landing_32,Netherlands,54.184788761303665,-51.43019075574392
906,Finland_Landing_42,Finland,-31.85605815048958,-77.35062820445239
907,UK_Landing_13,UK,-21.86568753195295,-17.767447842623397
908,Sweden_Landing_43,Sweden,-23.31894127119351,30.301175824271013
909,Colombia_Landing_37,Colombia,-16.260787718564494,-66.12006258132152
910,Qatar_Landing_11,Qatar,-59.420174080239434,-91.37695012362572
911,South Korea_Landing_46,South Korea,28.77794591263401,-22.995336207712143
912,Nigeria_Landing_9,Nigeria,21.54962158170889,-60.63733789295782
913,Bangladesh_Landing_30,Bangladesh,-6.557043172054058,98.91610614932961
914,Chile_Landing_36,Chile,-46.94008364459561,52.39857746948269
915,Italy_Landing_18,Italy,43.04563864449591,-129.59939926216805
916,Mexico_Landing_13,Mexico,-28.411841928770002,139.08089954840239
917,UK_Landing_47,UK,-50.9520051847948,-173.29309384635528
918,Argentina_Landing_41,Argentina,-56.256692279002905,29.48057657781453
919,Turkey_Landing_50,Turkey,10.804357420886163,146.26928786334594
920,Peru_Landing_17,Peru,5.21631887017422,179.54214300426662
921,Bangladesh_Landing_42,Bangladesh,33.02366866049138,-48.30529316291657
922,South Korea_Landing_50,South Korea,10.752090573215625,128.57909548848642
923,Oman_Landing_30,Oman,0.134780565272564,-147.40055126814056
924,Nigeria_Landing_33,Nigeria,-58.728998008955884,-94.0029103661071
925,Sweden_Landing_44,Sweden,-40.09877375614101,5.089204985897595
926,Saudi Arabia_Landing_11,Saudi Arabia,-38.50257793096551,161.53625938067222
927,Finland_Landing_10,Finland,28.310377060178936,-5.938770338124868
928,Kenya_Landing_3,Kenya,-33.741705928916595,-4.448826585486785
929,UK_Landing_17,UK,-15.66777774630308,-164.58896129808713
930,Japan_Landing_34,Japan,48.927131108755276,-49.949508758533625
931,Bangladesh_Landing_30,Bangladesh,45.786237758193124,-165.63430850943683
932,Denmark_Landing_21,Denmark,-47.6129984524224,168.63890430103424
933,Norway_Landing_18,Norway,40.18467194608721,-85.20621502170476
934,Mexico_Landing_37,Mexico,-39.138022026426,55.32311272819834
935,Nigeria_Landing_38,Nigeria,18.400385586821983,120.768864363592
936,Canada_Landing_17,Canada,-14.840546274774582,146.60727352085507
937,Canada_Landing_26,Canada,-17.65223906883292,132.378991873649
938,Chile_Landing_31,Chile,46.46063322205333,-177.6248328338466
939,Oman_Landing_29,Oman,-40.12730130852094,-152.24823873315114
940,Denmark_Landing_18,Denmark,-34.61794750370943,-112.71395670884367
941,Nigeria_Landing_39,Nigeria,26.076325014491445,-137.40111978352465
942,South Korea_Landing_27,South Korea,37.3407155247552,79.29203719498167
943,Bangladesh_Landing_44,Bangladesh,-2.5422428735901477,-104.14657762136517
944,Pakistan_Landing_42,Pakistan,40.003799567430505,-171.91942626445513
945,Portugal_Landing_9,Portugal,8.818381362272191,-121.99350946768632
946,Norway_Landing_33,Norway,-55.29709617126197,26.016947722967245
947,Spain_Landing_11,Spain,-29.008842477994982,-115.18648575253305
948,Turkey_Landing_39,Turkey,56.309242454413805,49.54417442309267
949,Croatia_Landing_47,Croatia,19.40940751549897,-77.95633449396944
950,Italy_Landing_14,Italy,-6.095596605665193,177.39929653487235
951,Bangladesh_Landing_11,Bangladesh,-33.676342221769474,-32.12393331302752
952,India_Landing_38,India,38.454381615659685,-114.52170532676412
953,Finland_Landing_33,Finland,-28.257516174565236,80.70724730799213
954,Vietnam_Landing_30,Vietnam,11.584003499683135,-155.2165570651519
955,Morocco_Landing_25,Morocco,-44.134416185107725,-174.03745418157072
956,Canada_Landing_33,Canada,22.12413974386007,117.54510681213458
957,Germany_Landing_7,Germany,-38.709337881920476,144.57895861051486
958,Germany_Landing_3,Germany,45.330316529156164,11.314782062161811
959,Jordan_Landing_8,Jordan,-48.817204103850486,57.38134001879678
960,Germany_Landing_35,Germany,39.30261343824881,142.90882302511142
961,Tanzania_Landing_44,Tanzania,17.90780821278406,7.9359226781595
962,Nigeria_Landing_3,Nigeria,23.717136856749505,-25.575744788236562
963,Bangladesh_Landing_50,Bangladesh,-14.251620456113386,32.057311010834354
964,Israel_Landing_49,Israel,40.462861684001325,27.403494083718073
965,Qatar_Landing_9,Qatar,-29.457836618595216,95.70920052904364
966,Italy_Landing_19,Italy,11.795081982105657,15.743167900389523
967,Brazil_Landing_13,Brazil,-59.34366550223635,87.71244529032776
968,USA_Landing_37,USA,2.704875574554734,7.11426438830685
969,Morocco_Landing_42,Morocco,-35.34975646039838,109.54337502810819
970,Greece_Landing_24,Greece,-47.21001402606496,-26.614227931444844
971,Netherlands_Landing_17,Netherlands,-28.64365262838281,12.997760716692767
972,Colombia_Landing_24,Colombia,13.425681241357793,177.04752270145752
973,Turkey_Landing_49,Turkey,-35.556760656927686,18.757781402497216
974,Peru_Landing_31,Peru,-38.55364826004539,21.273778675258797
975,Bangladesh_Landing_17,Bangladesh,58.620991682994145,27.95441511249743
976,Tanzania_Landing_46,Tanzania,-12.224429784015626,-130.29533335715823
977,Finland_Landing_8,Finland,29.737703409586516,-19.22584413052104
978,Romania_Landing_11,Romania,-47.96656589407491,3.003675521924521
979,Vietnam_Landing_36,Vietnam,13.68304404353266,66.44320081505458
980,Spain_Landing_11,Spain,-13.30755832978764,48.91558261144627
981,Italy_Landing_10,Italy,-3.399760789398755,36.088359033583686
982,Italy_Landing_5,Italy,-28.42896024426498,-46.49935462464168
983,Germany_Landing_3,Germany,26.93936561136782,155.04659678340937
984,Turkey_Landing_40,Turkey,18.74102758259076,-76.87107580767501
985,Germany_Landing_4,Germany,53.48590294147293,115.28234439415934
986,Norway_Landing_32,Norway,-7.323354175051698,-107.38539258983475
987,Finland_Landing_34,Finland,-25.679218594956552,-167.90063349734697
988,Germany_Landing_33,Germany,1.8976357863394,-96.59844978549782
989,Pakistan_Landing_44,Pakistan,-55.67266402267815,-93.8676148965442
990,USA_Landing_11,USA,-49.5788624911155,-80.66272675482753
991,Turkey_Landing_23,Turkey,20.359445567557017,-34.03765193381267
992,Indonesia_Landing_34,Indonesia,-58.15601730025512,73.30389279650285
993,Italy_Landing_36,Italy,-25.860745555634473,118.71532888174795
994,Netherlands_Landing_23,Netherlands,-18.302989336889098,113.58535661952811
995,South Korea_Landing_39,South Korea,55.56685673701034,-16.286756882839057
996,Turkey_Landing_37,Turkey,-59.44182581206485,-116.98747674697292
997,Argentina_Landing_7,Argentina,7.035685544359055,1.1408998514015423
998,Vietnam_Landing_8,Vietnam,36.35306910868289,164.41536585069906
999,Mexico_Landing_37,Mexico,-29.983020996279844,-20.603289397210148
1000,Morocco_Landing_37,Morocco,-1.9644125372464813,-92.42162769518511
